<?xml version="1.0" encoding="UTF-8"?>
<typeSystemDescription xmlns="http://uima.apache.org/resourceSpecifier">
  <name>AnnotationPair</name>
  <description>Can hold references to any pair of annotations.</description>
  <version>1.0</version>
  <vendor/>
  <types>
    <typeDescription>
      <name>dkpro.similarity.type.AnnotationPair</name>
      <description/>
      <supertypeName>uima.tcas.Annotation</supertypeName>
      <features>
        <featureDescription>
          <name>Annotation1</name>
          <description/>
          <rangeTypeName>uima.tcas.Annotation</rangeTypeName>
        </featureDescription>
        <featureDescription>
          <name>Annotation2</name>
          <description/>
          <rangeTypeName>uima.tcas.Annotation</rangeTypeName>
        </featureDescription>
        <featureDescription>
          <name>StringRepresentation1</name>
          <description/>
          <rangeTypeName>uima.cas.String</rangeTypeName>
        </featureDescription>
        <featureDescription>
          <name>StringRepresentation2</name>
          <description/>
          <rangeTypeName>uima.cas.String</rangeTypeName>
        </featureDescription>
      </features>
    </typeDescription>
    <typeDescription>
      <name>dkpro.similarity.type.WeightedAnnotationPair</name>
      <description/>
      <supertypeName>dkpro.similarity.type.AnnotationPair</supertypeName>
      <features>
        <featureDescription>
          <name>weight</name>
          <description/>
          <rangeTypeName>uima.cas.Double</rangeTypeName>
        </featureDescription>
      </features>
    </typeDescription>
  </types>
</typeSystemDescription>
