<?xml version="1.0" encoding="UTF-8"?>
<typeSystemDescription xmlns="http://uima.apache.org/resourceSpecifier">
  <name>WordPair</name>
  <description/>
  <version>1.0</version>
  <vendor/>
  <imports>
    <import name="desc.type.LexicalUnits"/>
    <import name="desc.type.POS"/>
  </imports>
  <types>
    <typeDescription>
      <name>dkpro.similarity.type.WordPair</name>
      <description/>
      <supertypeName>uima.tcas.Annotation</supertypeName>
      <features>
        <featureDescription>
          <name>Word1</name>
          <description/>
          <rangeTypeName>uima.cas.String</rangeTypeName>
        </featureDescription>
        <featureDescription>
          <name>Word2</name>
          <description/>
          <rangeTypeName>uima.cas.String</rangeTypeName>
        </featureDescription>
        <featureDescription>
          <name>Pos1</name>
          <description/>
          <rangeTypeName>de.tudarmstadt.ukp.dkpro.core.api.lexmorph.type.pos.POS</rangeTypeName>
        </featureDescription>
        <featureDescription>
          <name>Pos2</name>
          <description/>
          <rangeTypeName>de.tudarmstadt.ukp.dkpro.core.api.lexmorph.type.pos.POS</rangeTypeName>
        </featureDescription>
        <featureDescription>
          <name>Token1</name>
          <description/>
          <rangeTypeName>de.tudarmstadt.ukp.dkpro.core.api.segmentation.type.Token</rangeTypeName>
        </featureDescription>
        <featureDescription>
          <name>Token2</name>
          <description/>
          <rangeTypeName>de.tudarmstadt.ukp.dkpro.core.api.segmentation.type.Token</rangeTypeName>
        </featureDescription>
      </features>
    </typeDescription>
  </types>
</typeSystemDescription>
